{
    "learning_rate": 0.002005834836854833,
    "batch_size": 64,
    "optimizer": "adam",
    "weight_decay": 2.392182035741755e-06,
    "num_encoder_layers": 68,
    "enc_l0": 64,
    "enc_l1": 32,
    "enc_l2": 64,
    "enc_l3": 256,
    "enc_l4": 32,
    "enc_l5": 128,
    "enc_l6": 32,
    "enc_l7": 256,
    "enc_l8": 256,
    "enc_l9": 32,
    "enc_l10": 32,
    "enc_l11": 32,
    "enc_l12": 64,
    "enc_l13": 32,
    "enc_l14": 128,
    "enc_l15": 256,
    "enc_l16": 256,
    "enc_l17": 256,
    "enc_l18": 128,
    "enc_l19": 128,
    "enc_l20": 128,
    "enc_l21": 64,
    "enc_l22": 256,
    "enc_l23": 64,
    "enc_l24": 128,
    "enc_l25": 32,
    "enc_l26": 64,
    "enc_l27": 64,
    "enc_l28": 64,
    "enc_l29": 64,
    "enc_l30": 64,
    "enc_l31": 32,
    "enc_l32": 256,
    "enc_l33": 256,
    "enc_l34": 128,
    "enc_l35": 128,
    "enc_l36": 64,
    "enc_l37": 256,
    "enc_l38": 256,
    "enc_l39": 32,
    "enc_l40": 256,
    "enc_l41": 32,
    "enc_l42": 256,
    "enc_l43": 256,
    "enc_l44": 64,
    "enc_l45": 128,
    "enc_l46": 256,
    "enc_l47": 64,
    "enc_l48": 256,
    "enc_l49": 128,
    "enc_l50": 128,
    "enc_l51": 64,
    "enc_l52": 256,
    "enc_l53": 64,
    "enc_l54": 256,
    "enc_l55": 32,
    "enc_l56": 64,
    "enc_l57": 64,
    "enc_l58": 256,
    "enc_l59": 256,
    "enc_l60": 64,
    "enc_l61": 128,
    "enc_l62": 128,
    "enc_l63": 64,
    "enc_l64": 128,
    "enc_l65": 256,
    "enc_l66": 64,
    "enc_l67": 256,
    "num_decoder_layers": 55,
    "dec_l0": 64,
    "dec_l1": 256,
    "dec_l2": 64,
    "dec_l3": 256,
    "dec_l4": 128,
    "dec_l5": 32,
    "dec_l6": 256,
    "dec_l7": 64,
    "dec_l8": 64,
    "dec_l9": 256,
    "dec_l10": 256,
    "dec_l11": 64,
    "dec_l12": 128,
    "dec_l13": 256,
    "dec_l14": 32,
    "dec_l15": 64,
    "dec_l16": 256,
    "dec_l17": 64,
    "dec_l18": 64,
    "dec_l19": 64,
    "dec_l20": 128,
    "dec_l21": 256,
    "dec_l22": 64,
    "dec_l23": 64,
    "dec_l24": 64,
    "dec_l25": 32,
    "dec_l26": 64,
    "dec_l27": 256,
    "dec_l28": 64,
    "dec_l29": 128,
    "dec_l30": 128,
    "dec_l31": 256,
    "dec_l32": 64,
    "dec_l33": 128,
    "dec_l34": 256,
    "dec_l35": 256,
    "dec_l36": 256,
    "dec_l37": 32,
    "dec_l38": 64,
    "dec_l39": 128,
    "dec_l40": 32,
    "dec_l41": 128,
    "dec_l42": 32,
    "dec_l43": 128,
    "dec_l44": 256,
    "dec_l45": 256,
    "dec_l46": 64,
    "dec_l47": 64,
    "dec_l48": 128,
    "dec_l49": 32,
    "dec_l50": 32,
    "dec_l51": 32,
    "dec_l52": 128,
    "dec_l53": 256,
    "dec_l54": 256,
    "latent_dim": 34,
    "encoder_dropout": 0.16945330007751105,
    "decoder_dropout": 0.15193803056318064,
    "weight_init": "orthogonal"
}